<?xml version="1.0"?>
<config xmlns:xsi="http://www.w3.org/2001/XMLSchema-instance" xsi:noNamespaceSchemaLocation="urn:magento:framework:Acl/etc/acl.xsd">
    <acl>
        <resources>
            <resource id="Magento_Backend::admin">
                <resource id="TrainingHitakshi_SimpleModule::simplemodule" title="Simple Module" sortOrder="51">
                    <resource id="TrainingHitakshi_SimpleModule::post" title="Posts" sortOrder="10"/>
                    <resource id="TrainingHitakshi_SimpleModule::helloworld_configuration" title="Configuration" sortOrder="99" />
                </resource>
                
            </resource>
        </resources>
    </acl>
</config>