<schema xmlns:xsi="http://www.w3.org/2001/XMLSchema-instance"
   xsi:noNamespaceSchemaLocation="urn:magento:framework:Setup/DeclarationSchema/etc/schema.xsd">
<table name="member_data" resource="default" engine="innodb" comment="Member Table">
<column xsi:type="smallint" name="member_id" unsigned="false" nullable="false" identity="true" comment="Entity ID"/>
<column xsi:type="varchar" name="name" nullable="false" length="255" comment="Name"/>
<column xsi:type="varchar" name="gender" nullable="true" length="100" comment="Gender"/>
<column xsi:type="varchar" name="type" nullable="true" length="100" comment="Gender"/>
<column xsi:type="text" name="hobbies" nullable="true" comment="Hobbies"/>
<column xsi:type="smallint" name="status" unsigned="false" nullable="true" identity="false" default="1" comment="Status"/>
<column xsi:type="text" name="color_selection" nullable="true" comment="Color"/>
<column xsi:type="timestamp" name="created_at" on_update="false" nullable="false" default="CURRENT_TIMESTAMP"
comment="Creation Time"/>
<column xsi:type="timestamp" name="updated_at" on_update="true" nullable="false" default="CURRENT_TIMESTAMP"
comment="Modification Time"/>
<constraint xsi:type="primary" referenceId="PRIMARY">
<column name="member_id"/>
</constraint>
</table>
</schema>